"AgeGroup","ChatbotUsageFrequency","PrimaryPurpose","Satisfaction","SuggestedImprovements"
"Under 18","Daily","Entertainment",4,"Faster Responses"
"45-54","Never","Other",3,"More Personalization"
"Under 18","Monthly","Other",1,"Faster Responses"
"Under 18","Weekly","Entertainment",3,"None"
"18-24","Never","Other",5,"Faster Responses"
"35-44","Monthly","Learning",3,"Better Understanding"
"18-24","Rarely","Productivity",3,"More Personalization"
"18-24","Weekly","Learning",4,"Better Understanding"
"Under 18","Daily","Productivity",1,"Faster Responses"
"65+","Monthly","Customer Service",2,"More Personalization"
"65+","Monthly","Customer Service",4,"Better Understanding"
"35-44","Rarely","Productivity",1,"None"
"Under 18","Rarely","Customer Service",4,"Faster Responses"
"45-54","Rarely","Entertainment",5,"Faster Responses"
"55-64","Monthly","Entertainment",3,"None"
"35-44","Daily","Learning",1,"More Personalization"
"18-24","Daily","Learning",4,"More Personalization"
"18-24","Daily","Customer Service",1,"Better Understanding"
"65+","Never","Productivity",4,"Better Understanding"
"25-34","Rarely","Other",1,"Better Understanding"
"Under 18","Daily","Other",2,"Better Understanding"
"Under 18","Never","Other",3,"More Personalization"
"25-34","Rarely","Productivity",5,"Better Understanding"
"35-44","Daily","Entertainment",2,"None"
"45-54","Daily","Customer Service",1,"None"
"65+","Daily","Learning",5,"Faster Responses"
"45-54","Rarely","Productivity",3,"Faster Responses"
"45-54","Weekly","Learning",2,"Better Understanding"
"35-44","Monthly","Entertainment",5,"More Personalization"
"18-24","Never","Customer Service",2,"More Personalization"
"35-44","Never","Entertainment",4,"More Personalization"
"25-34","Rarely","Learning",1,"None"
"18-24","Daily","Customer Service",3,"More Personalization"
"Under 18","Monthly","Productivity",4,"Better Understanding"
"18-24","Rarely","Customer Service",2,"Faster Responses"
"55-64","Never","Other",3,"None"
"25-34","Weekly","Entertainment",1,"Better Understanding"
"65+","Daily","Learning",1,"More Personalization"
"55-64","Daily","Other",4,"More Personalization"
"18-24","Daily","Customer Service",2,"Better Understanding"
"35-44","Monthly","Entertainment",5,"Faster Responses"
"35-44","Weekly","Other",4,"Better Understanding"
"55-64","Never","Learning",3,"Faster Responses"
"18-24","Rarely","Learning",1,"More Personalization"
"45-54","Rarely","Learning",3,"Better Understanding"
"35-44","Never","Entertainment",5,"Better Understanding"
"45-54","Daily","Other",5,"None"
"35-44","Rarely","Customer Service",2,"Better Understanding"
"18-24","Daily","Productivity",1,"More Personalization"
"18-24","Daily","Learning",3,"None"
"25-34","Never","Productivity",4,"More Personalization"
"65+","Monthly","Entertainment",2,"Better Understanding"
"Under 18","Daily","Productivity",3,"Faster Responses"
"45-54","Weekly","Customer Service",5,"More Personalization"
"18-24","Rarely","Productivity",4,"Better Understanding"
"18-24","Weekly","Entertainment",2,"Better Understanding"
"55-64","Never","Entertainment",2,"Better Understanding"
"55-64","Never","Other",1,"None"
"18-24","Monthly","Entertainment",4,"Better Understanding"
"35-44","Never","Learning",3,"Faster Responses"
"25-34","Weekly","Other",1,"Better Understanding"
"55-64","Daily","Learning",2,"Faster Responses"
"45-54","Daily","Entertainment",3,"Faster Responses"
"18-24","Daily","Other",1,"Faster Responses"
"65+","Monthly","Other",4,"None"
"55-64","Rarely","Learning",4,"None"
"18-24","Weekly","Other",1,"None"
"18-24","Weekly","Entertainment",1,"Better Understanding"
"45-54","Weekly","Other",3,"Better Understanding"
"Under 18","Weekly","Entertainment",4,"More Personalization"
"Under 18","Rarely","Learning",1,"Better Understanding"
"65+","Rarely","Entertainment",4,"Better Understanding"
"35-44","Never","Learning",4,"Faster Responses"
"45-54","Daily","Productivity",1,"None"
"18-24","Monthly","Other",3,"Better Understanding"
"Under 18","Never","Other",3,"Faster Responses"
"45-54","Rarely","Entertainment",1,"More Personalization"
"35-44","Weekly","Learning",2,"None"
"35-44","Weekly","Entertainment",3,"More Personalization"
"Under 18","Daily","Learning",3,"Faster Responses"
"25-34","Monthly","Customer Service",1,"None"
"25-34","Rarely","Other",3,"None"
"45-54","Weekly","Learning",1,"Better Understanding"
"45-54","Daily","Learning",1,"Faster Responses"
"35-44","Weekly","Customer Service",3,"More Personalization"
"55-64","Monthly","Productivity",2,"None"
"45-54","Daily","Productivity",1,"Faster Responses"
"35-44","Monthly","Productivity",2,"None"
"55-64","Monthly","Other",5,"None"
"18-24","Rarely","Learning",1,"More Personalization"
"18-24","Never","Other",1,"None"
"Under 18","Rarely","Customer Service",2,"None"
"18-24","Weekly","Entertainment",4,"None"
"45-54","Daily","Other",4,"Better Understanding"
"55-64","Monthly","Learning",2,"Faster Responses"
"65+","Daily","Other",3,"Better Understanding"
"45-54","Monthly","Entertainment",5,"Better Understanding"
"35-44","Never","Productivity",5,"More Personalization"
"Under 18","Rarely","Other",5,"Better Understanding"
"35-44","Never","Entertainment",2,"Faster Responses"
"65+","Daily","Other",1,"More Personalization"
"18-24","Weekly","Other",3,"None"
"18-24","Weekly","Customer Service",3,"None"
"25-34","Rarely","Other",1,"Faster Responses"
"45-54","Never","Other",5,"Better Understanding"
"45-54","Monthly","Learning",3,"Better Understanding"
"55-64","Weekly","Other",5,"More Personalization"
"25-34","Daily","Customer Service",3,"None"
"55-64","Daily","Learning",2,"More Personalization"
"35-44","Never","Entertainment",1,"Faster Responses"
"45-54","Weekly","Productivity",2,"Faster Responses"
"Under 18","Monthly","Learning",4,"More Personalization"
"35-44","Weekly","Entertainment",1,"None"
"Under 18","Monthly","Entertainment",2,"More Personalization"
"Under 18","Monthly","Customer Service",4,"Better Understanding"
"45-54","Rarely","Productivity",3,"Better Understanding"
"55-64","Never","Productivity",2,"More Personalization"
"25-34","Rarely","Entertainment",1,"Better Understanding"
"Under 18","Never","Learning",2,"Better Understanding"
"18-24","Rarely","Productivity",1,"Faster Responses"
"45-54","Monthly","Entertainment",2,"None"
"65+","Weekly","Other",4,"Faster Responses"
"55-64","Daily","Productivity",4,"None"
"Under 18","Monthly","Entertainment",1,"Faster Responses"
"45-54","Rarely","Customer Service",2,"Better Understanding"
"55-64","Daily","Entertainment",5,"Faster Responses"
"45-54","Never","Other",1,"Better Understanding"
"Under 18","Rarely","Learning",1,"Faster Responses"
"65+","Never","Other",2,"More Personalization"
"18-24","Rarely","Other",4,"More Personalization"
"25-34","Never","Productivity",1,"None"
"18-24","Rarely","Learning",3,"None"
"18-24","Never","Customer Service",1,"Better Understanding"
"Under 18","Weekly","Learning",4,"Faster Responses"
"25-34","Never","Entertainment",1,"None"
"Under 18","Weekly","Entertainment",3,"More Personalization"
"45-54","Weekly","Learning",4,"Better Understanding"
"Under 18","Rarely","Learning",3,"None"
"25-34","Monthly","Other",1,"Faster Responses"
"65+","Daily","Productivity",4,"More Personalization"
"Under 18","Never","Entertainment",5,"Faster Responses"
"55-64","Rarely","Productivity",4,"More Personalization"
"55-64","Monthly","Other",5,"Faster Responses"
"65+","Daily","Learning",3,"Faster Responses"
"55-64","Weekly","Learning",4,"Faster Responses"
"65+","Monthly","Customer Service",4,"Better Understanding"
"25-34","Rarely","Other",4,"None"
"55-64","Weekly","Entertainment",1,"More Personalization"
"45-54","Daily","Entertainment",3,"Better Understanding"
"Under 18","Rarely","Other",3,"Better Understanding"
"55-64","Weekly","Other",2,"Faster Responses"
"Under 18","Daily","Learning",1,"Better Understanding"
"18-24","Monthly","Other",3,"Better Understanding"
"65+","Monthly","Other",4,"Better Understanding"
"18-24","Never","Learning",5,"More Personalization"
"55-64","Rarely","Customer Service",1,"More Personalization"
"55-64","Weekly","Productivity",4,"More Personalization"
"55-64","Weekly","Learning",3,"Better Understanding"
"55-64","Daily","Entertainment",3,"None"
"65+","Weekly","Customer Service",5,"None"
"55-64","Monthly","Learning",3,"More Personalization"
"35-44","Daily","Other",2,"Better Understanding"
"35-44","Weekly","Learning",5,"Better Understanding"
"65+","Never","Productivity",1,"Faster Responses"
"18-24","Never","Entertainment",5,"Faster Responses"
"18-24","Weekly","Productivity",2,"Better Understanding"
"65+","Monthly","Learning",1,"Better Understanding"
"35-44","Monthly","Customer Service",4,"More Personalization"
"55-64","Weekly","Productivity",2,"More Personalization"
"35-44","Weekly","Productivity",5,"Better Understanding"
"18-24","Weekly","Customer Service",3,"Faster Responses"
"Under 18","Rarely","Other",2,"Faster Responses"
"Under 18","Daily","Learning",1,"Better Understanding"
"18-24","Weekly","Learning",5,"More Personalization"
"18-24","Never","Other",3,"None"
"Under 18","Daily","Learning",2,"More Personalization"
"35-44","Rarely","Productivity",2,"More Personalization"
"25-34","Monthly","Entertainment",5,"Better Understanding"
"45-54","Rarely","Learning",1,"More Personalization"
"55-64","Monthly","Learning",4,"None"
"55-64","Rarely","Learning",4,"None"
"18-24","Daily","Learning",2,"More Personalization"
"35-44","Weekly","Customer Service",5,"Faster Responses"
"18-24","Monthly","Entertainment",2,"None"
"65+","Daily","Productivity",3,"None"
"25-34","Weekly","Entertainment",4,"More Personalization"
"18-24","Daily","Learning",3,"Faster Responses"
"Under 18","Monthly","Other",3,"Better Understanding"
"35-44","Never","Productivity",1,"Faster Responses"
"55-64","Weekly","Entertainment",2,"More Personalization"
"45-54","Daily","Other",4,"Faster Responses"
"18-24","Daily","Learning",4,"More Personalization"
"Under 18","Weekly","Entertainment",4,"Better Understanding"
"Under 18","Daily","Learning",3,"None"
"45-54","Rarely","Learning",5,"None"
"25-34","Daily","Other",5,"Better Understanding"
"55-64","Monthly","Learning",1,"None"
"55-64","Daily","Productivity",2,"None"
"35-44","Rarely","Customer Service",5,"Faster Responses"
"18-24","Monthly","Productivity",3,"Faster Responses"
